name,prompt,response,group_prompt,coding
thinking,I don't like to have to do a lot of thinking.,Completely false | Mostly false | Neither true nor false | Mostly true | Completely True,Please rate how true the following statement is of you.,
thinking_in_depth,I try to avoid situations that require thinking in depth about something.,Completely false | Mostly false | Neither true nor false | Mostly true | Completely True,Please rate how true the following statement is of you.,reverse
thinking_abilities,I prefer to do something that challenges my thinking abilities rather than something that requires little thought.,Completely false | Mostly false | Neither true nor false | Mostly true | Completely True,Please rate how true the following statement is of you.,reverse
complex_problems,I prefer complex to simple problems.,Completely false | Mostly false | Neither true nor false | Mostly true | Completely True,Please rate how true the following statement is of you.,
satisfaction,Thinking hard and for a long time about something gives me little satisfaction.,Completely false | Mostly false | Neither true nor false | Mostly true | Completely True,Please rate how true the following statement is of you.,
initial_feelings,I trust my initial feelings about people.,Completely false | Mostly false | Neither true nor false | Mostly true | Completely True,Please rate how true the following statement is of you.,
trusting_hunches,I believe in trusting my hunches.,Completely false | Mostly false | Neither true nor false | Mostly true | Completely True,Please rate how true the following statement is of you.,
impressions,My initial impressions of people are almost always right.,Completely false | Mostly false | Neither true nor false | Mostly true | Completely True,Please rate how true the following statement is of you.,
gut_feelings,"When it comes to trusting people, I can usually rely on my ""gut feelings.""",Completely false | Mostly false | Neither true nor false | Mostly true | Completely True,Please rate how true the following statement is of you.,
right_wrong,I can usually feel when a person is right or wrong even if I can't explain how I know,Completely false | Mostly false | Neither true nor false | Mostly true | Completely True,Please rate how true the following statement is of you.,
